<metadata xml:lang="en"><Esri><CreaDate>20181015</CreaDate><CreaTime>13505500</CreaTime><ArcGISFormat>1.0</ArcGISFormat><SyncOnce>FALSE</SyncOnce><DataProperties><itemProps><itemName Sync="TRUE">PZ23</itemName><imsContentType Sync="TRUE">002</imsContentType><itemLocation><linkage Sync="TRUE">file://\\PWCS-484418\C$\Users\PappCJ\districtr\schooldistrictr\dist\assets\shapefiles\2023\PZ23.shp</linkage><protocol Sync="TRUE">Local Area Network</protocol></itemLocation><nativeExtBox><westBL Sync="TRUE">-8651351.065300</westBL><eastBL Sync="TRUE">-8596545.203000</eastBL><southBL Sync="TRUE">4650412.562000</southBL><northBL Sync="TRUE">4713525.923700</northBL><exTypeCode Sync="TRUE">1</exTypeCode></nativeExtBox><itemSize Sync="TRUE">0.000</itemSize></itemProps><coordRef><type Sync="TRUE">Projected</type><geogcsn Sync="TRUE">GCS_WGS_1984</geogcsn><csUnits Sync="TRUE">Linear Unit: Meter (1.000000)</csUnits><projcsn Sync="TRUE">WGS_1984_Web_Mercator_Auxiliary_Sphere</projcsn><peXml Sync="TRUE">&lt;ProjectedCoordinateSystem xsi:type='typens:ProjectedCoordinateSystem' xmlns:xsi='http://www.w3.org/2001/XMLSchema-instance' xmlns:xs='http://www.w3.org/2001/XMLSchema' xmlns:typens='http://www.esri.com/schemas/ArcGIS/2.8.0'&gt;&lt;WKT&gt;PROJCS[&amp;quot;WGS_1984_Web_Mercator_Auxiliary_Sphere&amp;quot;,GEOGCS[&amp;quot;GCS_WGS_1984&amp;quot;,DATUM[&amp;quot;D_WGS_1984&amp;quot;,SPHEROID[&amp;quot;WGS_1984&amp;quot;,6378137.0,298.257223563]],PRIMEM[&amp;quot;Greenwich&amp;quot;,0.0],UNIT[&amp;quot;Degree&amp;quot;,0.0174532925199433]],PROJECTION[&amp;quot;Mercator_Auxiliary_Sphere&amp;quot;],PARAMETER[&amp;quot;False_Easting&amp;quot;,0.0],PARAMETER[&amp;quot;False_Northing&amp;quot;,0.0],PARAMETER[&amp;quot;Central_Meridian&amp;quot;,0.0],PARAMETER[&amp;quot;Standard_Parallel_1&amp;quot;,0.0],PARAMETER[&amp;quot;Auxiliary_Sphere_Type&amp;quot;,0.0],UNIT[&amp;quot;Meter&amp;quot;,1.0],AUTHORITY[&amp;quot;EPSG&amp;quot;,3857]]&lt;/WKT&gt;&lt;XOrigin&gt;-20037700&lt;/XOrigin&gt;&lt;YOrigin&gt;-30241100&lt;/YOrigin&gt;&lt;XYScale&gt;148923141.92838538&lt;/XYScale&gt;&lt;ZOrigin&gt;-100000&lt;/ZOrigin&gt;&lt;ZScale&gt;10000&lt;/ZScale&gt;&lt;MOrigin&gt;-100000&lt;/MOrigin&gt;&lt;MScale&gt;10000&lt;/MScale&gt;&lt;XYTolerance&gt;0.001&lt;/XYTolerance&gt;&lt;ZTolerance&gt;0.001&lt;/ZTolerance&gt;&lt;MTolerance&gt;0.001&lt;/MTolerance&gt;&lt;HighPrecision&gt;true&lt;/HighPrecision&gt;&lt;WKID&gt;102100&lt;/WKID&gt;&lt;LatestWKID&gt;3857&lt;/LatestWKID&gt;&lt;/ProjectedCoordinateSystem&gt;</peXml></coordRef><lineage><Process ToolSource="c:\program files (x86)\arcgis\desktop10.5\ArcToolbox\Toolboxes\Data Management Tools.tbx\CopyFeatures" Date="20170731" Time="100258" Name="" export="">CopyFeatures Q:\GIS\PWCS\Boundary\SchlBndy.mdb\Data\PZ16a Q:\GIS\PWCS\Boundary\SchlBndy_New.gdb\PZ16a # 0 0 0</Process><Process ToolSource="c:\program files\arcgis\pro\Resources\ArcToolbox\toolboxes\Data Management Tools.tbx\Copy" Date="20181009" Time="090029" Name="" export="">Copy "Q:\GIS\PWCS\Boundary\SchlBndy_New.gdb\PZ17a " Q:\GIS\PWCS\Boundary\SchlBndy_New.gdb\PZ17a_1 FeatureClass #</Process><Process ToolSource="c:\program files\arcgis\pro\Resources\ArcToolbox\toolboxes\Data Management Tools.tbx\Rename" Date="20181009" Time="090049" Name="" export="">Rename Q:\GIS\PWCS\Boundary\SchlBndy_New.gdb\PZ17a_1 Q:\GIS\PWCS\Boundary\SchlBndy_New.gdb\PZ18a FeatureClass</Process><Process ToolSource="c:\program files\arcgis\pro\Resources\ArcToolbox\toolboxes\Data Management Tools.tbx\CopyFeatures" Date="20181015" Time="090623" Name="" export="">CopyFeatures Q:\GIS\PWCS\Boundary\SchlBndy_New.gdb\PZ18a Q:\GIS\PWCS\OmniPlanningGeodatabase\OmniPlanningGeodatabase.gdb\Planning_Zones\PZ18a # # # #</Process><Process ToolSource="c:\program files\arcgis\pro\Resources\ArcToolbox\toolboxes\Data Management Tools.tbx\CopyMultiple" Date="20181015" Time="133132" Name="" export="">CopyMultiple "Q:\GIS\PWCS\OmniPlanningGeodatabase\OmniPlanningGeodatabase.gdb\Planning_Zones\PZ18a FeatureClass" Q:\GIS\PWCS\OmniPlanningGeodatabase\OmniPlanningGeodatabase.gdb Planning_Zones\PZ18b "PZ04a FeatureClass PZ04a_1 #;PZ05a FeatureClass PZ05a_1 #;PZ05b FeatureClass PZ05b_1 #;PZ06a FeatureClass PZ06a_1 #;PZ06a_Pt FeatureClass PZ06a_Pt_1 #;PZ06b FeatureClass PZ06b_1 #;PZ06b_pt1 FeatureClass PZ06b_pt1_1 #;PZ06b_Pt FeatureClass PZ06b_Pt_1 #;PZ06c FeatureClass PZ06c_1 #;PZ07a FeatureClass PZ07a_1 #;PZ07a_Point FeatureClass PZ07a_Point_1 #;PZ07b FeatureClass PZ07b_1 #;PZ07b_Point FeatureClass PZ07b_Point_1 #;PZ07b_Point2 FeatureClass PZ07b_Point2_1 #;PZ08A FeatureClass PZ08A_1 #;PZ08A_original FeatureClass PZ08A_original_1 #;PZ08A_test FeatureClass PZ08A_test_1 #;PZ08B FeatureClass PZ08B_1 #;PZ08c FeatureClass PZ08c_1 #;PZ09a FeatureClass PZ09a_1 #;PZ09a_ES09a FeatureClass PZ09a_ES09a_1 #;PZ09a_FTP FeatureClass PZ09a_FTP_1 #;PZ10 FeatureClass PZ10_1 #;PZ10_SpatialJoin FeatureClass PZ10_SpatialJoin_1 #;PZ10_SpatialJoin1 FeatureClass PZ10_SpatialJoin1_1 #;PZ10a FeatureClass PZ10a_1 #;PZ10a_ES09 FeatureClass PZ10a_ES09_1 #;PZ10a_ES09_MS07 FeatureClass PZ10a_ES09_MS07_1 #;PZ11a FeatureClass PZ11a_1 #;PZ11b FeatureClass PZ11b_1 #;PZ12a FeatureClass PZ12a_1 #;PZ13 FeatureClass PZ13_1 #;PZ13b FeatureClass PZ13b_1 #;PZ14a FeatureClass PZ14a_1 #;PZ14b FeatureClass PZ14b_1 #;PZ14c FeatureClass PZ14c_1 #;PZ14c1 FeatureClass PZ14c1_1 #;PZ15a FeatureClass PZ15a_1 #;PZ15b FeatureClass PZ15b_1 #;PZ15c FeatureClass PZ15c_1 #;PZ16a FeatureClass PZ16a_1 #;PZ17a FeatureClass PZ17a_1 #;PZ18a FeatureClass PZ18b #"</Process><Process ToolSource="c:\program files\arcgis\pro\Resources\ArcToolbox\toolboxes\Data Management Tools.tbx\CopyMultiple" Date="20181015" Time="135057" Name="" export="">CopyMultiple "Q:\GIS\PWCS\OmniPlanningGeodatabase\OmniPlanningGeodatabase.gdb\Planning_Zones\PZ18b FeatureClass" Q:\GIS\PWCS\OmniPlanningGeodatabase\OmniPlanningGeodatabase.gdb Data_Quality_Assurance_Using_Topology\PZ18b_QA "PZ04a FeatureClass PZ04a_1 #;PZ05a FeatureClass PZ05a_1 #;PZ05b FeatureClass PZ05b_1 #;PZ06a FeatureClass PZ06a_1 #;PZ06a_Pt FeatureClass PZ06a_Pt_1 #;PZ06b FeatureClass PZ06b_1 #;PZ06b_pt1 FeatureClass PZ06b_pt1_1 #;PZ06b_Pt FeatureClass PZ06b_Pt_1 #;PZ06c FeatureClass PZ06c_1 #;PZ07a FeatureClass PZ07a_1 #;PZ07a_Point FeatureClass PZ07a_Point_1 #;PZ07b FeatureClass PZ07b_1 #;PZ07b_Point FeatureClass PZ07b_Point_1 #;PZ07b_Point2 FeatureClass PZ07b_Point2_1 #;PZ08A FeatureClass PZ08A_1 #;PZ08A_original FeatureClass PZ08A_original_1 #;PZ08A_test FeatureClass PZ08A_test_1 #;PZ08B FeatureClass PZ08B_1 #;PZ08c FeatureClass PZ08c_1 #;PZ09a FeatureClass PZ09a_1 #;PZ09a_ES09a FeatureClass PZ09a_ES09a_1 #;PZ09a_FTP FeatureClass PZ09a_FTP_1 #;PZ10 FeatureClass PZ10_1 #;PZ10_SpatialJoin FeatureClass PZ10_SpatialJoin_1 #;PZ10_SpatialJoin1 FeatureClass PZ10_SpatialJoin1_1 #;PZ10a FeatureClass PZ10a_1 #;PZ10a_ES09 FeatureClass PZ10a_ES09_1 #;PZ10a_ES09_MS07 FeatureClass PZ10a_ES09_MS07_1 #;PZ11a FeatureClass PZ11a_1 #;PZ11b FeatureClass PZ11b_1 #;PZ12a FeatureClass PZ12a_1 #;PZ13 FeatureClass PZ13_1 #;PZ13b FeatureClass PZ13b_1 #;PZ14a FeatureClass PZ14a_1 #;PZ14b FeatureClass PZ14b_1 #;PZ14c FeatureClass PZ14c_1 #;PZ14c1 FeatureClass PZ14c1_1 #;PZ15a FeatureClass PZ15a_1 #;PZ15b FeatureClass PZ15b_1 #;PZ15c FeatureClass PZ15c_1 #;PZ16a FeatureClass PZ16a_1 #;PZ17a FeatureClass PZ17a_1 #;PZ18a FeatureClass PZ18a_1 #;PZ18b FeatureClass PZ18b_QA #"</Process><Process ToolSource="c:\program files\arcgis\pro\Resources\ArcToolbox\toolboxes\Conversion Tools.tbx\FeatureClassToFeatureClass" Date="20190905" Time="112127" Name="" export="">FeatureClassToFeatureClass Q:\GIS\PWCS\OmniPlanningGeodatabase\OmniPlanningGeodatabase.gdb\Data_Quality_Assurance_Using_Topology\PZ18b_QA C:\Users\halseysm\Documents\ArcGIS\Projects\2019_PZ_Dev_Adjustments\2019_PZ_Dev_Adjustments.gdb PZ19 # "PZ_num "PZ_num" true true false 2 Short 0 0,First,#,Q:\GIS\PWCS\OmniPlanningGeodatabase\OmniPlanningGeodatabase.gdb\Data_Quality_Assurance_Using_Topology\PZ18b_QA,PZ_num,-1,-1;Community "Community" true true false 255 Text 0 0,First,#,Q:\GIS\PWCS\OmniPlanningGeodatabase\OmniPlanningGeodatabase.gdb\Data_Quality_Assurance_Using_Topology\PZ18b_QA,Community,0,255;Shape_Length "Shape_Length" false true true 8 Double 0 0,First,#,Q:\GIS\PWCS\OmniPlanningGeodatabase\OmniPlanningGeodatabase.gdb\Data_Quality_Assurance_Using_Topology\PZ18b_QA,Shape_Length,-1,-1;Shape_Area "Shape_Area" false true true 8 Double 0 0,First,#,Q:\GIS\PWCS\OmniPlanningGeodatabase\OmniPlanningGeodatabase.gdb\Data_Quality_Assurance_Using_Topology\PZ18b_QA,Shape_Area,-1,-1" #</Process><Process ToolSource="c:\program files\arcgis\pro\Resources\ArcToolbox\toolboxes\Data Management Tools.tbx\CopyFeatures" Date="20191003" Time="131248" Name="" export="">CopyFeatures PZ19 C:\Users\halseysm\Documents\AWS_Desktop\Migrating_to_Server\PZ19_QA.shp # # # #</Process><Process ToolSource="c:\program files\arcgis\pro\Resources\ArcToolbox\toolboxes\Data Management Tools.tbx\CopyFeatures" Date="20191003" Time="172908" Name="" export="">CopyFeatures C:\Users\halseysm\Documents\Tables_For_Server\PZ_Data\PZ19_QA.shp C:\Users\cartlimr\Documents\TestProject\db-sql-express-gdb.ciee3dl0g1bl.us-east-1.rds.amazonaws.com(1).sde\OmniGDB.HALSEYSM.Reference_Data_Topology\OmniGDB.HALSEYSM.PZ19_QA # # # #</Process><Process ToolSource="c:\users\scott halsey\appdata\local\programs\arcgis\pro\Resources\ArcToolbox\toolboxes\Conversion Tools.tbx\FeatureClassToFeatureClass" Date="20200817" Time="093808" Name="" export="">FeatureClassToFeatureClass OmniGDB.HALSEYSM.PZ19_QA "C:\Users\Scott Halsey\Documents\ArcGIS\Projects\Publication_2020\Publication_2020.gdb" PZ20 # "PZ_num "PZ_num" true true false 4 Long 0 10,First,#,OmniGDB.HALSEYSM.PZ19_QA,PZ_num,-1,-1;Community "Community" true true false 254 Text 0 0,First,#,OmniGDB.HALSEYSM.PZ19_QA,Community,0,254;Shape_Leng "Shape_Leng" true true false 8 Double 8 38,First,#,OmniGDB.HALSEYSM.PZ19_QA,Shape_Leng,-1,-1" #</Process><Process ToolSource="c:\users\scott halsey\appdata\local\programs\arcgis\pro\Resources\ArcToolbox\toolboxes\Conversion Tools.tbx\FeatureClassToFeatureClass" Date="20200902" Time="113247" Name="" export="">FeatureClassToFeatureClass PZ20 "C:\Users\Scott Halsey\Documents\ArcGIS\Projects\Publication_2020\db-sql-express-gdb.ciee3dl0g1bl.us-east-1.rds.amazonaws.com.sde\OmniGDB.HALSEYSM.Reference_2020_Topology" PZ20_QAT # "PZ_num "PZ_num" true true false 4 Long 0 0,First,#,PZ20,PZ_num,-1,-1;Community "Community" true true false 254 Text 0 0,First,#,PZ20,Community,0,254;Shape_Leng "Shape_Leng" true true false 8 Double 0 0,First,#,PZ20,Shape_Leng,-1,-1;Shape_Length "Shape_Length" false true true 8 Double 0 0,First,#,PZ20,Shape_Length,-1,-1;Shape_Area "Shape_Area" false true true 8 Double 0 0,First,#,PZ20,Shape_Area,-1,-1" #</Process><Process ToolSource="c:\users\scott halsey\appdata\local\programs\arcgis\pro\Resources\ArcToolbox\toolboxes\Conversion Tools.tbx\FeatureClassToFeatureClass" Date="20200910" Time="115718" Name="" export="">FeatureClassToFeatureClass OmniGDB.HALSEYSM.PZ20_QAT "C:\Users\Scott Halsey\Documents\ArcGIS\Projects\Publication_2020\Publication_2020.gdb" PZ20b # "PZ_num "PZ_num" true true false 4 Long 0 10,First,#,OmniGDB.HALSEYSM.PZ20_QAT,PZ_num,-1,-1;Community "Community" true true false 254 Text 0 0,First,#,OmniGDB.HALSEYSM.PZ20_QAT,Community,0,254;Shape_Leng "Shape_Leng" true true false 8 Double 8 38,First,#,OmniGDB.HALSEYSM.PZ20_QAT,Shape_Leng,-1,-1" #</Process><Process ToolSource="c:\users\scott halsey\appdata\local\programs\arcgis\pro\Resources\ArcToolbox\toolboxes\Conversion Tools.tbx\FeatureClassToFeatureClass" Date="20201019" Time="120006" Name="" export="">FeatureClassToFeatureClass PZ20b "C:\Users\Scott Halsey\Documents\ArcGIS\Projects\Publication_2020\db-sql-express-gdb.ciee3dl0g1bl.us-east-1.rds.amazonaws.com.sde\OmniGDB.HALSEYSM.Reference_2020_Topology" PZ20b_QAT # "PZ_num "PZ_num" true true false 4 Long 0 0,First,#,PZ20b,PZ_num,-1,-1;Community "Community" true true false 254 Text 0 0,First,#,PZ20b,Community,0,254;Shape_Leng "Shape_Leng" true true false 8 Double 0 0,First,#,PZ20b,Shape_Leng,-1,-1;Shape_Length "Shape_Length" false true true 8 Double 0 0,First,#,PZ20b,Shape_Length,-1,-1;Shape_Area "Shape_Area" false true true 8 Double 0 0,First,#,PZ20b,Shape_Area,-1,-1" #</Process><Process ToolSource="c:\users\scott halsey\appdata\local\programs\arcgis\pro\Resources\ArcToolbox\toolboxes\Conversion Tools.tbx\FeatureClassToFeatureClass" Date="20201214" Time="142004" Name="" export="">FeatureClassToFeatureClass OmniGDB.HALSEYSM.PZ20b_QAT "C:\Users\Scott Halsey\Documents\ArcGIS\Projects\Mias_Meadow\Mias_Meadow.gdb" PZ20c # "PZ_num "PZ_num" true true false 4 Long 0 10,First,#,OmniGDB.HALSEYSM.PZ20b_QAT,PZ_num,-1,-1;Community "Community" true true false 254 Text 0 0,First,#,OmniGDB.HALSEYSM.PZ20b_QAT,Community,0,254;Shape_Leng "Shape_Leng" true true false 8 Double 8 38,First,#,OmniGDB.HALSEYSM.PZ20b_QAT,Shape_Leng,-1,-1" #</Process><Process ToolSource="c:\users\scott halsey\appdata\local\programs\arcgis\pro\Resources\ArcToolbox\toolboxes\Conversion Tools.tbx\FeatureClassToFeatureClass" Date="20201214" Time="143329" Name="" export="">FeatureClassToFeatureClass PZ20c "C:\Users\Scott Halsey\Documents\ArcGIS\Projects\Mias_Meadow\db-sql-express-gdb.ciee3dl0g1bl.us-east-1.rds.amazonaws.com.sde\OmniGDB.HALSEYSM.Reference_2020_Topology" PZ20c_QAT # "PZ_num "PZ_num" true true false 4 Long 0 0,First,#,PZ20c,PZ_num,-1,-1;Community "Community" true true false 254 Text 0 0,First,#,PZ20c,Community,0,254;Shape_Leng "Shape_Leng" true true false 8 Double 0 0,First,#,PZ20c,Shape_Leng,-1,-1;Shape_Length "Shape_Length" false true true 8 Double 0 0,First,#,PZ20c,Shape_Length,-1,-1;Shape_Area "Shape_Area" false true true 8 Double 0 0,First,#,PZ20c,Shape_Area,-1,-1" #</Process><Process ToolSource="c:\users\scott halsey\appdata\local\programs\arcgis\pro\Resources\ArcToolbox\toolboxes\Conversion Tools.tbx\FeatureClassToFeatureClass" Date="20210915" Time="085458" Name="" export="">FeatureClassToFeatureClass OmniGDB.HALSEYSM.PZ20c_QAT "C:\Users\Scott Halsey\Documents\ArcGIS\Projects\Topology\Topology.gdb\Topology_2021" PZ21a # "PZ_num "PZ_num" true true false 4 Long 0 10,First,#,OmniGDB.HALSEYSM.PZ20c_QAT,PZ_num,-1,-1;Community "Community" true true false 254 Text 0 0,First,#,OmniGDB.HALSEYSM.PZ20c_QAT,Community,0,254;Shape_Leng "Shape_Leng" true true false 8 Double 8 38,First,#,OmniGDB.HALSEYSM.PZ20c_QAT,Shape_Leng,-1,-1" #</Process><Process ToolSource="c:\users\scott halsey\appdata\local\programs\arcgis\pro\Resources\ArcToolbox\toolboxes\Conversion Tools.tbx\FeatureClassToFeatureClass" Date="20211012" Time="131108" Name="" export="">FeatureClassToFeatureClass PZ21a "C:\Users\Scott Halsey\Documents\ArcGIS\Projects\Topology\db-sql-express-gdb.ciee3dl0g1bl.us-east-1.rds.amazonaws.com.sde\OmniGDB.HALSEYSM.Reference_Topology_2021" PZ21a_QA_2021 # "PZ_num "PZ_num" true true false 4 Long 0 0,First,#,PZ21a,PZ_num,-1,-1;Community "Community" true true false 254 Text 0 0,First,#,PZ21a,Community,0,254;Shape_Leng "Shape_Leng" true true false 8 Double 0 0,First,#,PZ21a,Shape_Leng,-1,-1;Shape_Length "Shape_Length" false true true 8 Double 0 0,First,#,PZ21a,Shape_Length,-1,-1;Shape_Area "Shape_Area" false true true 8 Double 0 0,First,#,PZ21a,Shape_Area,-1,-1" #</Process><Process ToolSource="c:\users\scott halsey\appdata\local\programs\arcgis\pro\Resources\ArcToolbox\toolboxes\Conversion Tools.tbx\FeatureClassToFeatureClass" Date="20220303" Time="105041" Name="" export="">FeatureClassToFeatureClass OmniGDB.HALSEYSM.PZ21a_QA_2021 "C:\Users\Scott Halsey\Documents\ArcGIS\Projects\Find_Your_School\db-sql-express-gdb.ciee3dl0g1bl.us-east-1.rds.amazonaws.com.sde\OmniGDB.HALSEYSM.Reference_Topology_2021" PZ21b_QAT # "PZ_num "PZ_num" true true false 4 Long 0 10,First,#,OmniGDB.HALSEYSM.PZ21a_QA_2021,PZ_num,-1,-1;Community "Community" true true false 254 Text 0 0,First,#,OmniGDB.HALSEYSM.PZ21a_QA_2021,Community,0,254;Shape_Leng "Shape_Leng" true true false 8 Double 8 38,First,#,OmniGDB.HALSEYSM.PZ21a_QA_2021,Shape_Leng,-1,-1" #</Process><Process ToolSource="c:\users\scott halsey\appdata\local\programs\arcgis\pro\Resources\ArcToolbox\toolboxes\Conversion Tools.tbx\FeatureClassToFeatureClass" Date="20220308" Time="075055" Name="" export="">FeatureClassToFeatureClass OmniGDB.HALSEYSM.PZ21b_QAT "C:\Users\Scott Halsey\Documents\ArcGIS\Projects\Find_Your_School\Find_Your_School.gdb" PZ21c # "PZ_num "PZ_num" true true false 4 Long 0 10,First,#,OmniGDB.HALSEYSM.PZ21b_QAT,PZ_num,-1,-1;Community "Community" true true false 254 Text 0 0,First,#,OmniGDB.HALSEYSM.PZ21b_QAT,Community,0,254;Shape_Leng "Shape_Leng" true true false 8 Double 8 38,First,#,OmniGDB.HALSEYSM.PZ21b_QAT,Shape_Leng,-1,-1" #</Process><Process ToolSource="c:\users\scott halsey\appdata\local\programs\arcgis\pro\Resources\ArcToolbox\toolboxes\Conversion Tools.tbx\FeatureClassToFeatureClass" Date="20220308" Time="081423" Name="" export="">FeatureClassToFeatureClass PZ21c "C:\Users\Scott Halsey\Documents\ArcGIS\Projects\Find_Your_School\db-sql-express-gdb.ciee3dl0g1bl.us-east-1.rds.amazonaws.com(1).sde\OmniGDB.HALSEYSM.Reference_Topology_2021" PZ21c_QAT # "PZ_num "PZ_num" true true false 4 Long 0 0,First,#,PZ21c,PZ_num,-1,-1;Community "Community" true true false 254 Text 0 0,First,#,PZ21c,Community,0,254;Shape_Leng "Shape_Leng" true true false 8 Double 0 0,First,#,PZ21c,Shape_Leng,-1,-1;Shape_Length "Shape_Length" false true true 8 Double 0 0,First,#,PZ21c,Shape_Length,-1,-1;Shape_Area "Shape_Area" false true true 8 Double 0 0,First,#,PZ21c,Shape_Area,-1,-1" #</Process><Process ToolSource="c:\program files\arcgis\pro\Resources\ArcToolbox\toolboxes\Conversion Tools.tbx\FeatureClassToFeatureClass" Date="20220901" Time="082330">FeatureClassToFeatureClass OmniGDB.HALSEYSM.PZ21c_QAT C:\Users\halseysm\Documents\ArcGIS\Projects\Scott_Project\Scott_Project.gdb\Topology_2022 PZ22a # "PZ_num "PZ_num" true true false 4 Long 0 10,First,#,OmniGDB.HALSEYSM.PZ21c_QAT,PZ_num,-1,-1;Community "Community" true true false 254 Text 0 0,First,#,OmniGDB.HALSEYSM.PZ21c_QAT,Community,0,254;Shape_Leng "Shape_Leng" true true false 8 Double 8 38,First,#,OmniGDB.HALSEYSM.PZ21c_QAT,Shape_Leng,-1,-1" #</Process><Process ToolSource="c:\program files\arcgis\pro\Resources\ArcToolbox\toolboxes\Conversion Tools.tbx\ExportFeatures" Date="20220929" Time="150222">ExportFeatures PZ22a "C:\Users\halseysm\Documents\ArcGIS\Projects\Scott_Project\Omni_GDB_Scott (2).sde\OmniGDB.HALSEYSM.Reference_Topology_2022\OmniGDB.HALSEYSM.PZ22a_QAT" # NOT_USE_ALIAS "PZ_num "PZ_num" true true false 4 Long 0 0,First,#,PZ22a,PZ_num,-1,-1;Community "Community" true true false 254 Text 0 0,First,#,PZ22a,Community,0,254;Shape_Leng "Shape_Leng" true true false 8 Double 0 0,First,#,PZ22a,Shape_Leng,-1,-1;Shape_Length "Shape_Length" false true true 8 Double 0 0,First,#,PZ22a,Shape_Length,-1,-1;Shape_Area "Shape_Area" false true true 8 Double 0 0,First,#,PZ22a,Shape_Area,-1,-1" #</Process><Process ToolSource="c:\program files\arcgis\pro\Resources\ArcToolbox\toolboxes\Conversion Tools.tbx\ExportFeatures" Date="20221101" Time="101822">ExportFeatures OmniGDB.HALSEYSM.PZ22a_QAT C:\Users\halseysm\Documents\ArcGIS\Projects\Scott_Project\Scott_Project.gdb\PZ22b # NOT_USE_ALIAS "PZ_num "PZ_num" true true false 4 Long 0 10,First,#,OmniGDB.HALSEYSM.PZ22a_QAT,PZ_num,-1,-1;Community "Community" true true false 254 Text 0 0,First,#,OmniGDB.HALSEYSM.PZ22a_QAT,Community,0,254;Shape_Leng "Shape_Leng" true true false 8 Double 8 38,First,#,OmniGDB.HALSEYSM.PZ22a_QAT,Shape_Leng,-1,-1" #</Process><Process ToolSource="c:\program files\arcgis\pro\Resources\ArcToolbox\toolboxes\Conversion Tools.tbx\ExportFeatures" Date="20221101" Time="102714">ExportFeatures PZ22b "Q:\USERS\PAPPCJ\Student Enrollment Projection Data - 2022\Shapefile\PZ22b.shp" # NOT_USE_ALIAS "PZ_num "PZ_num" true true false 4 Long 0 0,First,#,PZ22b,PZ_num,-1,-1;Community "Community" true true false 254 Text 0 0,First,#,PZ22b,Community,0,254;Shape_Leng "Shape_Leng" true true false 8 Double 0 0,First,#,PZ22b,Shape_Leng,-1,-1;Shape_Length "Shape_Length" false true true 8 Double 0 0,First,#,PZ22b,Shape_Length,-1,-1;Shape_Area "Shape_Area" false true true 8 Double 0 0,First,#,PZ22b,Shape_Area,-1,-1" #</Process><Process ToolSource="c:\program files\arcgis\pro\Resources\ArcToolbox\toolboxes\Data Management Tools.tbx\UpdateSchema" Date="20221101" Time="132844">UpdateSchema "CIMDATA=&lt;CIMStandardDataConnection xsi:type='typens:CIMStandardDataConnection' xmlns:xsi='http://www.w3.org/2001/XMLSchema-instance' xmlns:xs='http://www.w3.org/2001/XMLSchema' xmlns:typens='http://www.esri.com/schemas/ArcGIS/2.8.0'&gt;&lt;WorkspaceConnectionString&gt;DATABASE=Q:\Planning\USERS\PAPPCJ\Student Enrollment Projection Data - 2022\Shapefile&lt;/WorkspaceConnectionString&gt;&lt;WorkspaceFactory&gt;Shapefile&lt;/WorkspaceFactory&gt;&lt;Dataset&gt;PZ22b&lt;/Dataset&gt;&lt;DatasetType&gt;esriDTFeatureClass&lt;/DatasetType&gt;&lt;/CIMStandardDataConnection&gt;" &lt;operationSequence&gt;&lt;workflow&gt;&lt;AddField&gt;&lt;field_name&gt;County&lt;/field_name&gt;&lt;field_type&gt;TEXT&lt;/field_type&gt;&lt;field_length&gt;255&lt;/field_length&gt;&lt;field_is_nullable&gt;False&lt;/field_is_nullable&gt;&lt;field_is_required&gt;False&lt;/field_is_required&gt;&lt;/AddField&gt;&lt;/workflow&gt;&lt;/operationSequence&gt;</Process><Process ToolSource="c:\program files\arcgis\pro\Resources\ArcToolbox\toolboxes\Data Management Tools.tbx\CalculateField" Date="20221101" Time="133205">CalculateField PZ22b County "Prince William County" "Python 3" # Text NO_ENFORCE_DOMAINS</Process><Process ToolSource="c:\program files\arcgis\pro\Resources\ArcToolbox\toolboxes\Conversion Tools.tbx\FeatureClassToFeatureClass" Date="20221128" Time="133135">FeatureClassToFeatureClass PZ22b C:\Users\PappCJ\districtr\schooldistrictr\dist\assets\shapefiles\2023 PZ23.shp # "PZ_num "PZ_num" true true false 10 Long 0 10,First,#,PZ22b,PZ_num,-1,-1;Community "Community" true true false 254 Text 0 0,First,#,PZ22b,Community,0,254;Shape_Leng "Shape_Leng" true true false 19 Double 0 0,First,#,PZ22b,Shape_Leng,-1,-1;Shape_Le_1 "Shape_Le_1" true true false 19 Double 0 0,First,#,PZ22b,Shape_Le_1,-1,-1;Shape_Area "Shape_Area" true true false 19 Double 0 0,First,#,PZ22b,Shape_Area,-1,-1;County "County" true true false 254 Text 0 0,First,#,PZ22b,County,0,254" #</Process></lineage></DataProperties><SyncDate>20221128</SyncDate><SyncTime>13313400</SyncTime><ModDate>20221128</ModDate><ModTime>13313400</ModTime><scaleRange><minScale>150000000</minScale><maxScale>5000</maxScale></scaleRange><ArcGISProfile>ItemDescription</ArcGISProfile></Esri><dataIdInfo><envirDesc Sync="TRUE">Microsoft Windows 10 Version 10.0 (Build 19044) ; Esri ArcGIS 12.8.3.29751</envirDesc><dataLang><languageCode value="eng" Sync="TRUE"/><countryCode value="USA" Sync="TRUE"/></dataLang><idCitation><resTitle Sync="TRUE">PZ23</resTitle><presForm><PresFormCd value="005" Sync="TRUE"/></presForm></idCitation><spatRpType><SpatRepTypCd value="001" Sync="TRUE"/></spatRpType><dataExt><geoEle xmlns=""><GeoBndBox esriExtentType="search"><exTypeCode Sync="TRUE">1</exTypeCode><westBL Sync="TRUE">-77.716409</westBL><eastBL Sync="TRUE">-77.224079</eastBL><northBL Sync="TRUE">38.943111</northBL><southBL Sync="TRUE">38.500778</southBL></GeoBndBox></geoEle></dataExt><idPurp>Updated the Planning Zones for the development in the Youth for Tomorrow (PZ925 and created PZ1107)</idPurp><searchKeys><keyword>PZ</keyword></searchKeys></dataIdInfo><mdLang><languageCode value="eng" Sync="TRUE"/><countryCode value="USA" Sync="TRUE"/></mdLang><distInfo><distFormat><formatName Sync="TRUE">Shapefile</formatName></distFormat><distTranOps><transSize Sync="TRUE">0.000</transSize></distTranOps></distInfo><mdHrLv><ScopeCd value="005" Sync="TRUE"/></mdHrLv><mdHrLvName Sync="TRUE">dataset</mdHrLvName><refSysInfo><RefSystem><refSysID><identCode code="3857" Sync="TRUE"/><idCodeSpace Sync="TRUE">EPSG</idCodeSpace><idVersion Sync="TRUE">6.18.3(9.3.1.2)</idVersion></refSysID></RefSystem></refSysInfo><spatRepInfo><VectSpatRep><geometObjs Name="PZ23"><geoObjTyp><GeoObjTypCd value="002" Sync="TRUE"></GeoObjTypCd></geoObjTyp><geoObjCnt Sync="TRUE">0</geoObjCnt></geometObjs><topLvl><TopoLevCd value="001" Sync="TRUE"></TopoLevCd></topLvl></VectSpatRep></spatRepInfo><spdoinfo><ptvctinf><esriterm Name="PZ23"><efeatyp Sync="TRUE">Simple</efeatyp><efeageom code="4" Sync="TRUE"></efeageom><esritopo Sync="TRUE">FALSE</esritopo><efeacnt Sync="TRUE">0</efeacnt><spindex Sync="TRUE">FALSE</spindex><linrefer Sync="TRUE">FALSE</linrefer></esriterm></ptvctinf></spdoinfo><eainfo><detailed Name="PZ23"><enttyp><enttypl Sync="TRUE">PZ23</enttypl><enttypt Sync="TRUE">Feature Class</enttypt><enttypc Sync="TRUE">0</enttypc></enttyp><attr><attrlabl Sync="TRUE">FID</attrlabl><attalias Sync="TRUE">FID</attalias><attrtype Sync="TRUE">OID</attrtype><attwidth Sync="TRUE">4</attwidth><atprecis Sync="TRUE">0</atprecis><attscale Sync="TRUE">0</attscale><attrdef Sync="TRUE">Internal feature number.</attrdef><attrdefs Sync="TRUE">Esri</attrdefs><attrdomv><udom Sync="TRUE">Sequential unique whole numbers that are automatically generated.</udom></attrdomv></attr><attr><attrlabl Sync="TRUE">Shape</attrlabl><attalias Sync="TRUE">Shape</attalias><attrtype Sync="TRUE">Geometry</attrtype><attwidth Sync="TRUE">0</attwidth><atprecis Sync="TRUE">0</atprecis><attscale Sync="TRUE">0</attscale><attrdef Sync="TRUE">Feature geometry.</attrdef><attrdefs Sync="TRUE">Esri</attrdefs><attrdomv><udom Sync="TRUE">Coordinates defining the features.</udom></attrdomv></attr><attr><attrlabl Sync="TRUE">PZ_num</attrlabl><attalias Sync="TRUE">PZ_num</attalias><attrtype Sync="TRUE">Integer</attrtype><attwidth Sync="TRUE">10</attwidth><atprecis Sync="TRUE">10</atprecis><attscale Sync="TRUE">0</attscale></attr><attr><attrlabl Sync="TRUE">Community</attrlabl><attalias Sync="TRUE">Community</attalias><attrtype Sync="TRUE">String</attrtype><attwidth Sync="TRUE">254</attwidth><atprecis Sync="TRUE">0</atprecis><attscale Sync="TRUE">0</attscale></attr><attr><attrlabl Sync="TRUE">Shape_Leng</attrlabl><attalias Sync="TRUE">Shape_Leng</attalias><attrtype Sync="TRUE">Double</attrtype><attwidth Sync="TRUE">19</attwidth><atprecis Sync="TRUE">0</atprecis><attscale Sync="TRUE">0</attscale></attr><attr><attrlabl Sync="TRUE">Shape_Le_1</attrlabl><attalias Sync="TRUE">Shape_Le_1</attalias><attrtype Sync="TRUE">Double</attrtype><attwidth Sync="TRUE">19</attwidth><atprecis Sync="TRUE">0</atprecis><attscale Sync="TRUE">0</attscale></attr><attr><attrlabl Sync="TRUE">Shape_Area</attrlabl><attalias Sync="TRUE">Shape_Area</attalias><attrtype Sync="TRUE">Double</attrtype><attwidth Sync="TRUE">19</attwidth><atprecis Sync="TRUE">0</atprecis><attscale Sync="TRUE">0</attscale><attrdef Sync="TRUE">Area of feature in internal units squared.</attrdef><attrdefs Sync="TRUE">Esri</attrdefs><attrdomv><udom Sync="TRUE">Positive real numbers that are automatically generated.</udom></attrdomv></attr><attr><attrlabl Sync="TRUE">County</attrlabl><attalias Sync="TRUE">County</attalias><attrtype Sync="TRUE">String</attrtype><attwidth Sync="TRUE">254</attwidth><atprecis Sync="TRUE">0</atprecis><attscale Sync="TRUE">0</attscale></attr></detailed></eainfo><mdDateSt Sync="TRUE">20221128</mdDateSt></metadata>
